[{"id":"fe793038-c960-45c4-bcdc-2a62afbb025b","nome":"Flávio José Braga Haber","endereco":"Rua Maestro Joaquim Bernardes Loyola, 175","bairro":"Santa Rita","cidade":"Mendes","estado":"RJ"},{"id":"5c7a9317-d4a5-4721-be47-e5f5646fb18b","nome":"Flávio José Braga Haber 1 2 3","endereco":"Rua Maestro Joaquim Bernardes Loyola, 175","bairro":"Santa Rita","cidade":"Mendes","estado":"RJ"},{"id":"b70ec210-7c4c-4cb4-a5e6-87a21b939c83","nome":"Batatinha quando nasce","endereco":"Se esparrama pelo chão","bairro":"O resto não sei não","cidade":"Mendes","estado":"RJ"}]